term,BNS_score
бЏде,1.879353557
Џе—,1.839840786
дћ”,1.709946444
ё—ѕ,1.660532101
ќд“н—,1.660532101
»“,1.627247335
яб»,1.597269935
ё–—,1.574817736
«” џ—»,1.551738219
’бн»не,1.551738219
Џгнб,1.462637101
бЏд,1.384043236
гћж”,1.36562682
«д ёг,1.347097662
“»—,1.313038478
«—е«»,1.278482501
Џ«‘—,1.236478421
ќ«∆д,1.232301493
я«ўг,1.227973136
Ќг«—,1.223807694
ж”ќ,1.193027354
» жн —,1.174805023
 ‘«—б“,1.162936492
ё–«—е,1.145283187
”нЎ—е,1.145283187
”«е—,1.143858099
ќ»нЋ,1.129400703
гЏгг,1.129400703
”бЎ,1.095521817
ќгндн,1.09447172
г«еж,1.093424032
«дћ”,1.092378741
 д«ё÷,1.092378741
”» ,1.065613807
гЌ—«»,1.065613807
Ќёѕ,1.064292793
Ё÷Ќ,1.054651786
ЌЁнѕ,1.035006793
ѕг«—,1.035006793
«ж—»н,1.035006793
 —«г»,1.033165363
ЌЋ«бе,1.033165363
дЁ«ё,1.023126891
жянб,1.023126891
џ»н,1.023126891
Џѕж«д,1.01264878
 «ё,1.01264878
«»«Ќн,1.01264878
«ќЎ—,1.002441307
«—е»,0.986114127
’енждн,0.976524635
‘Џ»н,0.967669322
ћеб,0.933339423
Ў»Џ,0.930394197
—«Ё÷н,0.930394197
«бб« ,0.930394197
«бЌжЋн,0.925269634
ќ«д,0.916640975
»е—,0.916640975
ёг,0.916640975
бЌг,0.916640975
Ќ‘ѕ,0.895660182
“б“б,0.8929495
ћ—нге,0.891601109
«Ќ”,0.890257318
«бЌжЋнжд,0.881402689
 ѕгн—,0.88016828
яЁ—,0.877523791
«»«ѕ,0.873952339
—«Ё÷е,0.872538422
Ўе—,0.862956587
«Ё н,0.861068504
«б–н,0.861068504
«–б,0.861068504
гж«ће,0.861068504
гя—,0.861068504
е б—,0.861068504
 Ќ—н÷,0.861068504
гбб,0.861068504
»ѕнд,0.846819853
д’,0.846819853
«б« «—»,0.846819853
ћ“не,0.846352232
ѕ«Џ‘,0.844783919
Ќ«ёѕ,0.838286406
же«»н,0.819648483
бн»—«бн,0.819648483
’дЏ«Ѕ,0.819149848
џ»«Ѕ,0.800082851
Ќнж«д,0.799537341
Ё«ћ—,0.799537341
—џг,0.798992654
’Ёё,0.798992654
яЁ«—,0.798992654
Џ«ёб,0.798992654
‘нЎ«д,0.793449229
я«Ё—,0.769072348
ќж«—ћ,0.758982926
дЁ”н,0.758982926
ё÷«Ѕ,0.749658272
–б,0.747723435
еѕѕ,0.747723435
Џ«—,0.747723435
»жб,0.747723435
”»,0.744670255
”ёЎ,0.737237222
я–»,0.728506555
Ќ«жб,0.716782791
Џѕ«же,0.714548646
’жЁн,0.708776092
”Џжѕ,0.696426204
«—е«»н,0.691836168
гЌ б,0.691337137
«б”н”н,0.691337137
 Ќ—нг,0.690496751
»—нЅ,0.690496751
џ÷,0.690496751
гнд«Ѕ,0.690496751
‘—я,0.682296194
Ќ«—»,0.680101791
нежѕн,0.679379637
—ж”н,0.678970154
ЎЏд,0.674206395
Ќ—«г,0.67323485
ё—»,0.666237954
Џн«б,0.666237954
ќн«де,0.666237954
 ѕнд,0.666237954
ё б,0.66148738
Џбг«дн,0.650677213
гћ“—е,0.649538651
ўеж—,0.642278286
Ќ’«—,0.637369952
Џ»жѕн,0.626700469
г»нд,0.626700469
г” Ќнб,0.626700469
Ќжб,0.626700469
Џбжн,0.626700469
«д ё«г,0.626700469
Ќћг,0.626700469
я«ѕ,0.626700469
Ќ÷«—е,0.626700469
ёѕ,0.626700469
«д гн,0.626700469
жЋдн,0.626700469
«бя—«дн,0.626700469
÷ѕ,0.624976139
«ё’н,0.615098934
»«Џ,0.613369399
ќЎн»,0.613369399
Ќ—”,0.613369399
е«бя,0.613369399
ѕќжб,0.613369399
гЌ—г,0.613369399
гбнжд,0.604393713
гбЌѕ,0.599781768
«ћ»—,0.599715169
ѕнд«,0.597972582
‘—Џ,0.593177993
ќг—,0.593177993
«Џбд,0.593177993
гћж”н,0.593177993
‘яб,0.593177993
џ÷»,0.593177993
џ—»,0.587759673
Џбг«дне,0.582305751
‘жЁ,0.580725021
ѕг—,0.580725021
»«Ўб,0.578302831
 Ќ«бЁ,0.557736287
Џ«∆‘,0.556548178
џ—»н,0.556548178
Ў»нЏе,0.556251981
ЌбнЁ,0.555956116
Ќ—н,0.555660582
Џ“н“н,0.555660582
г‘«—я,0.555660582
‘Џ«—,0.555365378
 ќнб,0.555365378
“Џг,0.555070503
Џё«»,0.555070503
«н‘,0.555070503
«бѕж«Џ‘,0.555070503
«Ё”ѕ,0.555070503
 ‘жне,0.555070503
 Ёян—,0.554775958
«е«д,0.554775958
ё–Ё,0.554775958
«ћ«»,0.5308411
‘Џ»,0.530838329
дў«г,0.525618463
гћ—г,0.524893271
ё’Ё,0.520999502
‘—Ё,0.516174797
« ег,0.516174797
»Ўб,0.510003669
«бн,0.510003669
»Ў—я,0.510003669
’«—,0.507883671
«»н,0.501780139
 Ўж—,0.501780139
д»Ќ,0.490199875
гё«»б,0.490199875
я–«»,0.490199875
Џн»,0.490199875
е«ћг,0.490199875
гƒнѕ,0.490199875
«Ќ—ћ,0.490199875
Џёбн,0.490199875
е—»,0.490199875
ћ«”г,0.490199875
‘нЅ,0.488533169
»дн,0.487843215
де«не,0.483482621
ё« б,0.481448361
г‘ябе,0.474417042
џѕ,0.472554864
«ќ«Ё,0.472554864
’ѕЁе,0.472554864
гЏ«жне,0.472554864
еѕЁ,0.469156066
ќЎ—,0.462041838
г’н»е,0.46047136
‘нжЏн,0.46047136
 ќбЁ,0.46047136
Ќёнёе,0.459649312
Ў«∆Ён,0.45815921
я—е,0.457222328
еб«б,0.453779076
”б«Ќ,0.453779076
бн,0.451863423
ё «б,0.443412912
 дўнг,0.443412912
»б«,0.443412912
»‘«—,0.443412912
Џ«гб,0.442777774
Ќб«б,0.442777774
я«–»,0.442777774
 »дн,0.442777774
ён«ѕ,0.442777774
г Ў—Ё,0.442777774
«” ÷«Ё,0.442144512
”»»,0.441373164
«г—ня«,0.43234795
Ќ—»,0.428217069
«”—«∆нбн,0.427458725
гѕ,0.427458725
 ѕќб,0.427458725
ж«ёЏ,0.418200002
ё—ж»,0.417225161
«‘—я,0.417225161
«Ћ«—,0.417225161
’—«Ќ,0.417225161
Ўжб,0.417225161
”ќнЁ,0.417225161
“«нѕ,0.417225161
«Ќ б,0.417225161
гё б,0.417225161
Џбё,0.417225161
«ж«д,0.417225161
Џ”я—н,0.417225161
ё«ѕ—,0.417225161
Ћё«Ёе,0.417225161
г ег,0.417225161
гћ«еѕ,0.417225161
ѕбнб,0.414366334
 жн —,0.412053809
ћд”,0.412053809
«ќ—ћ,0.412053809
«я»—,0.410380964
«Ќ б«б,0.407717793
÷«б,0.407717793
д«ѕн,0.406399482
’џн—,0.406399482
ж«÷Ќ,0.406399482
Џѕж,0.405248132
Ќяг,0.404390297
Ќ”«»,0.403786058
Ё”«ѕ,0.402108114
Ў—ѕ,0.400444429
ё—н»,0.400444429
ЎбЏ,0.400444429
«‘ѕ,0.39674403
ћд,0.39674403
г”ћѕ,0.39388729
Ќ—не,0.392541358
бд,0.391902273
«ж”Ў,0.388839192
«”—«∆нб,0.388683988
ѕЏг,0.38840348
Ёб”Ўнд,0.381352402
 г,0.378939957
гёЎЏ,0.378256416
 Џ«жд,0.377915592
д”»,0.377915592
ёбнб,0.377915592
«»—н«Ѕ,0.377575395
янѕ,0.377575395
ќ«ѕг,0.377235825
 жёЏ,0.377235825
 «яѕ,0.377235825
Џћ“,0.377235825
ќб«’,0.377235825
«Џ —«Ё,0.377235825
«ќ ,0.377235825
ќ—«Ёе,0.377235825
џ“«бн,0.377235825
дён,0.377235825
гЋёЁ,0.377235825
«“е—,0.377235825
Џћн»е,0.377235825
Ќж“,0.377235825
ё»Џ,0.376558558
”»«г,0.376558558
‘—нЁ,0.372020102
ћн‘,0.370944466
ё«∆г,0.362156743
«ж—»«,0.362156743
«г«—е,0.3541574
‘я,0.3541574
«дя—,0.3541574
Ќ–—,0.3541574
«» џн,0.3541574
Џёб«дн,0.353441973
д’—«дн,0.35312793
ѕг,0.350160892
«–д,0.348007818
”ћд,0.348007818
ежн,0.34741684
г’бЌе,0.346941379
‘ н,0.346941379
ег«,0.346941379
г— “ё,0.346941379
гяе,0.346941379
еѕг,0.346941379
»ѕЏ,0.345452831
ѕЁЏ,0.343579353
Ќб,0.342457211
д«—,0.341027432
Ќёнё,0.340578645
”бг«д,0.336937604
‘нЏе,0.335471375
ёб,0.334022833
«’ѕ«—,0.334022833
Ќянг,0.334022833
Џ«’ге,0.334022833
«” ќѕ«г,0.334022833
Џ«—Ё,0.334022833
”г«жн,0.334022833
ќ–б,0.334022833
–«б,0.334022833
«б’Ёжннд,0.334022833
’бн»,0.332712038
г’—,0.328098749
Ё—”,0.324292119
ќ—ћ,0.324292119
‘«—я,0.32317973
”жё,0.32317973
ћбѕ,0.32317973
 Ў—Ё,0.32317973
«Ё  «Ќ,0.320739353
”нѕ,0.318620339
Ќг«”,0.318391503
ўд,0.318391503
”«бг,0.318391503
‘«г,0.315801312
’ѕё,0.31206106
янЁ,0.310319386
Џёб,0.308327561
«гн—,0.305971388
г« ,0.304806963
Џя”,0.304420818
ѕ«Џн,0.304420818
–»Ќ,0.304420818
ѕ«∆г,0.304420818
гё«жге,0.304035666
ё«Џѕ,0.304035666
 Ќѕн,0.304035666
ќжЁ,0.304035666
я»—н,0.304035666
џжЎе,0.303651502
«ЎбЏ,0.303651502
г Џе,0.303651502
џ“е,0.303651502
«жёЁ,0.303651502
’«дЏ,0.303651502
«—,0.303651502
 Ўен—,0.303651502
»Ћ,0.303651502
жб«Ѕ,0.303651502
«д ‘«—,0.303651502
нгд,0.299038374
”жн,0.298496426
‘—ё,0.296974342
«д,0.296663934
ж‘,0.295024637
«н—«д,0.293495673
ќ«Ё,0.288278996
’Ќ,0.288278996
Ёб”Ўндн,0.285902381
«”н—,0.280994543
”«Џѕ,0.280994543
Ўе—«д,0.280994543
Џнѕ,0.280994543
«яб,0.280994543
ћ—н,0.280994543
«Ё—нён«,0.280994543
«Џ ёб,0.280994543
«яѕ,0.280994543
ќ«”—,0.280994543
е“е,0.280281528
ћ«Ѕ,0.278694935
ќѕг,0.27508239
ќбЁ,0.27508239
Џ«ѕн,0.271230003
’ж—е,0.270530603
Ќ—г,0.270209696
 »Џ,0.268435831
Ќ“»,0.267823495
ѕћ«б,0.265165647
г—,0.265165647
 ЌѕЋ,0.26473182
ё«ѕг,0.264299428
нгдн,0.263868462
я—ѕн,0.263868462
÷ЏнЁ,0.263438915
Ќћ—,0.263438915
«Џб«д,0.263438915
’ѕ«г,0.263438915
Џ—»,0.262017695
ядн”,0.260756678
гдЏ,0.258795818
гд«Ёё,0.256947234
ќ»—,0.256947234
»Џ÷,0.255921489
гЌгжѕ,0.254221767
гЏ ѕб,0.249434754
«д ‘—,0.249434754
ћдж»,0.249434754
г Ќѕ,0.249434754
г‘еѕ,0.249434754
«—«ѕ,0.248193307
гЁ н,0.245835621
жбнѕ,0.245835621
«н,0.244373098
—н«÷,0.244244522
гЏ,0.243504126
д’н—,0.238478619
д«’—,0.238003525
г‘,0.237541602
Ё—ѕ,0.237530339
«Џ ѕ«б,0.237530339
–—«Џ,0.237530339
Ё∆е,0.237530339
«д ’«—,0.237530339
»џ÷,0.237530339
ћ«еб,0.234016203
Ё жн,0.231754172
Ў«∆Ё,0.228496543
ёЎЏ,0.228496543
«Џбг,0.228496543
« »Џ,0.22534031
«Ќ»,0.225244894
д‘—,0.225066059
—«ждѕ,0.221510689
ећ—,0.220466591
д“б,0.220466591
ЌнжЌ‘д«,0.220466591
“«ѕ,0.220466591
г—«е,0.220466591
«Џб«г,0.220466591
геѕн,0.220466591
џдн,0.220466591
 ећн—,0.219948254
Џ‘ё,0.219948254
ё”н”,0.219948254
ќ”—,0.219948254
Џ«∆бе,0.219948254
Џёбне,0.219948254
 ќбн,0.219948254
”ќ—,0.219948254
 ё»б,0.219948254
ён«ѕе,0.219948254
Џћн»,0.219948254
гќбжё,0.219948254
ггджЏ,0.219948254
«яЋ—,0.219582554
д”н,0.216308833
џ—н»,0.216308833
ёѕг,0.214685493
ж’б,0.214685493
»ѕ,0.213595248
“Џнг,0.213595248
«ћ гЏ,0.213595248
«ўе—,0.213595248
Ў«∆Ёе,0.20899404
бн‘,0.207649585
ѕ«ЁЏ,0.207649585
г’н—,0.207086
‘ѕнѕ,0.207086
гЏёб,0.207086
дЁ–,0.207086
Ё«∆ѕе,0.207086
д’Ё,0.207086
 гнг,0.207086
жЌн,0.207086
ж—«Ѕ,0.207086
«ѕќб,0.207086
‘гб,0.207086
‘»ее,0.207086
”Џжѕн,0.205578766
«бЌ«ѕ,0.205578766
 Ќжб,0.202455251
ѕжбе,0.202218006
“б“«б,0.198726689
Ќ«б,0.198075674
÷Ќя,0.197879131
”ж—н,0.197879131
«Ўбё,0.197270199
Џб«жде,0.197270199
Ё«”ѕ,0.197270199
 Џбнё,0.197270199
ќбнЁе,0.197270199
нгнд,0.197270199
бжд,0.197270199
‘Џж—,0.197270199
 ’ѕн,0.197270199
д”«Ѕ,0.195747923
—«”,0.19381783
«д ў—,0.19381783
гя«д,0.193555952
»ЌЋ,0.190189807
г’—н,0.189535429
ќ—жћ,0.189535429
ё нб,0.189535429
б–н–,0.189535429
ёЎ—,0.188653485
«—÷не,0.18692989
ЎЁб,0.186605482
”ƒ«б,0.184690682
Ќ”нд,0.184690682
‘џб,0.183285441
«Ќ,0.183285441
»Џнѕ,0.183285441
«Ў—ѕ,0.183285441
г‘н,0.183285441
”«яд,0.183285441
‘—нЏе,0.183285441
«’»е«д,0.181313121
гЌѕ,0.178132012
гЏ«»ѕ,0.178132012
«—÷,0.177770487
«»д«Ѕ,0.176649094
 гдн,0.17381147
”Џн,0.17381147
”г«Ќ,0.164232958
ѕ«ќб,0.164232958
б«“г,0.16182572
Џ—«ён,0.16182572
гЋб,0.161755214
ћ“н—е,0.159698953
ег,0.159273393
«гд,0.15887153
ёжг,0.157807142
жЎд,0.156470406
жће,0.155069332
ќбнћ,0.154590774
’Ќ«»е,0.154590774
Ўнб”«д,0.151962601
жћ»,0.147938009
жё ,0.145017271
«н—«дн,0.142816518
дЏг,0.141912204
жћжѕ,0.14111146
»ён,0.140071821
—÷н,0.133890311
»ж–н,-0.001293567
дЌд,-0.001422758
Џ«ѕ,-0.002434058
«Џгб,-0.002797632
 «гб,-0.002797632
Ќ—Ё,-0.002797632
Ёя—н,-0.002797632
Ў»нЏн,-0.002797632
ќЎ,-0.002797632
—ж”н«,-0.002797632
ё«Џѕе,-0.002797632
ћ«гЏ,-0.002807742
д’—«дне,-0.003250139
я«”,-0.004401592
÷—»,-0.004401592
дЁ”,-0.004785914
гж,-0.005413656
 ябг,-0.005413656
ѕнд,-0.005521698
 Џ«бн,-0.006435599
«еѕн,-0.007182187
”бЁн,-0.007182187
‘ќ’,-0.007219936
нѕ,-0.008193973
 —я,-0.008548692
гЌ»е,-0.008705651
џ“ж,-0.008705651
‘«е,-0.008705651
ћ“«∆—,-0.008705651
бё»,-0.008705651
ёѕнг,-0.008722912
‘е—,-0.008722912
Ёћ—,-0.008722912
я« »,-0.008722912
»ндг«,-0.008722912
 Џ«гб,-0.008722912
“б“бе,-0.008740241
«џб»,-0.008740241
е“,-0.00881025
 «—нќ,-0.011758138
«г,-0.014250253
”»нб,-0.01533576
жЏн,-0.016891042
ёд«,-0.016891042
ћж«»,-0.016891042
яжн н,-0.016891042
 Ќ—н—,-0.016891042
 Ќёнё,-0.016891042
ќ«бѕ,-0.016891042
ё«ѕ,-0.016918423
—ћЏ,-0.016945893
«Ё÷б,-0.016973452
«ћб,-0.018319274
«’«»,-0.018319274
ё«джд,-0.018319274
«бЌгѕббе,-0.018319274
ѕќб,-0.018479295
»б,-0.019777696
Џнд,-0.020182891
г‘—жЏ,-0.021219204
Ёя—,-0.022207994
Ё Ќ,-0.023154104
Ў«б»,-0.023505858
Џ—÷,-0.0235617
«д«,-0.025267254
 «ћ—,-0.026376759
г” «д”,-0.026376759
»”нЎ,-0.026376759
дЌ—,-0.026376759
д“Џ,-0.026376759
«ебя,-0.026376759
ћж,-0.026376759
«” џб,-0.026376759
«Џ д«ё,-0.026376759
‘«Џ—,-0.026376759
гдя—,-0.026376759
Ќ”ѕ,-0.026376759
Ќћ«»,-0.026376759
«ќ «—,-0.026376759
Ў—Ќ,-0.026376759
«бен,-0.026376759
Ўж»н,-0.026376759
Ќёнён,-0.026438669
ѕжбн,-0.026438669
Џ“,-0.026438669
«Џћ»,-0.026438669
Џжд,-0.026500871
ћѕ,-0.026689244
ёже,-0.027299
Ё—ё,-0.028221828
ё’,-0.028221828
Џн”н,-0.028221828
«б«,-0.028221828
«—÷н,-0.028349336
”н«”н,-0.028349336
«б,-0.02839089
‘«еѕ,-0.030194976
’«Ќ»,-0.030920625
—жЌ,-0.031269369
Џ«ѕе,-0.033399521
«‘—Ё,-0.034535854
Ё«÷н,-0.034535854
”«—,-0.034535854
Џ»ѕе,-0.034535854
Ў»ё,-0.034535854
 џ—нѕ,-0.034535854
‘«»,-0.034535854
«”б«гн,-0.035662749
яб,-0.038440883
«Ћ—,-0.038775937
Џн‘,-0.039328101
“жће,-0.039328101
г—Ќбе,-0.039328101
Ќбё,-0.039328101
ќ«—ћ,-0.039328101
гќ бЁ,-0.039328101
«ёбне,-0.039328101
’ЁЌ,-0.039328101
Џеѕ,-0.039434759
»ѕб,-0.039434759
«ќ,-0.039758231
«ќ–,-0.039999421
бѕн,-0.041507845
»«б,-0.041507845
‘«д,-0.041507845
”гЌ,-0.041507845
Ћ» ,-0.041507845
ед«,-0.041680085
«бЁ,-0.04198102
ен∆е,-0.044718733
Ќ«яг,-0.044979123
ж÷Џ,-0.045508691
жбн,-0.045508691
ѕжд,-0.046474414
”гЏ,-0.046846571
”ж—н«,-0.047421767
Ё де,-0.047945526
« ќ–,-0.049233055
ћгеж—,-0.049233055
 —ян,-0.049233055
—’нѕ,-0.049233055
“ж«ћ,-0.049233055
«—«н,-0.049233055
Џ»нѕ,-0.049233055
‘ г,-0.049233055
Ќ—’,-0.049233055
гѕнде,-0.049384557
”еб,-0.049384557
ќ«’,-0.049690377
ядн”е,-0.050545678
«’б,-0.051847473
ж“н—,-0.053535628
Ўн»,-0.053535628
”»Ќ«д,-0.055002199
Џ—Ё,-0.056582121
ж”Ў,-0.057057042
”бЎ«д,-0.057057042
ќ’ж’,-0.057057042
«дѕб”,-0.057057042
г ”«гЌ,-0.057210185
«Џ »—,-0.057253486
»Џѕ,-0.057253486
ежне,-0.057281933
«—ѕжџ«д,-0.057281933
ЁћЏ,-0.057281933
н«—”жб,-0.057281933
ћ«д»,-0.057281933
‘«ЁЏн,-0.057281933
Ё‘б,-0.057281933
«Џ —Ё,-0.057281933
’бе,-0.057281933
“нѕ,-0.057281933
 ћ«ж“,-0.057281933
÷«ё,-0.057281933
гЌ»,-0.057353862
Ћ«дн,-0.057353862
Ўё”,-0.057353862
»ё,-0.057425971
‘Џ—,-0.057425971
бяд,-0.057570736
«»ѕ,-0.057643393
Ќнд,-0.057716233
ѕ«—,-0.058083215
‘нЏн,-0.06126111
бг,-0.061709132
ё»б,-0.062622683
Џбг,-0.062897031
б«,-0.063351536
Ћж—е,-0.063396312
Ќ”»,-0.064126333
е–«,-0.064504524
Ќяжге,-0.066400071
бг«–«,-0.068005141
«ќ—,-0.068375335
ё”г,-0.068639087
 яЁн—,-0.068639087
—г“,-0.068639087
Џ»«ѕ,-0.068925711
ЁЏб,-0.070171773
жћѕ,-0.07163163
Џгб,-0.071726083
д«”,-0.071757123
Џ«бг,-0.072947489
«Ќ —«г,-0.073049041
ѕ—н,-0.073049041
гжћжѕ,-0.073049041
бЏ»,-0.076587208
дёб,-0.076587208
Ё—нё,-0.076587208
“жћ,-0.076587208
г«—”,-0.076587208
«Ќ «ћ,-0.076587208
гЏ’не,-0.076587208
«”ѕ,-0.076811555
г‘яб,-0.076811555
нежѕне,-0.07684862
‘«Ѕ,-0.07684862
 «»Џ,-0.07684862
Ќгб,-0.07684862
 жЌнѕ,-0.077188753
нжг,-0.078182937
ж—н,-0.078893346
Џ—»н,-0.079665261
ё«г,-0.079847198
яЋ—,-0.081118994
«”Ё,-0.081118994
Џдѕ,-0.081118994
г”нЌ,-0.081562909
ж«Ќѕ,-0.081970413
Ќ’б,-0.082896178
“«б,-0.082896178
»‘—,-0.083228865
Џѕг,-0.083228865
Ќё,-0.083260505
«”г,-0.083877026
”гн,-0.085393088
ў«бг,-0.087609593
 ж«ћѕ,-0.08774232
Ў»,-0.08774232
 ”гЏ,-0.08774232
Џ—ж»е,-0.08774232
 ёжн,-0.08774232
ѕг‘ё,-0.08774232
г» ѕЏ,-0.08774232
гћгжЏ,-0.087930806
ё÷не,-0.088120105
»д«Ѕ,-0.088310222
»«ён,-0.089591206
—Ё÷,-0.089591206
»н ,-0.091313227
бн”,-0.091749171
«»ж,-0.091905882
«не,-0.093448973
ё«∆ѕ,-0.094454722
ё—д,-0.095417528
«ёжн,-0.095417528
«г—нян,-0.095795612
Ќћ,-0.097649153
»,-0.098160005
»Ќ—нд,-0.098160005
б«г,-0.100438074
«нѕ,-0.100438074
 Џбг,-0.100438074
 г«г,-0.100438074
д нће,-0.100438074
г” ё»б,-0.100438074
ћгеж—н,-0.100438074
«ќ б«Ё,-0.100438074
”б«ге,-0.100438074
гж«Ўд,-0.100743925
Ў—нё,-0.101051647
д’—,-0.103000557
 ”«гЌ,-0.107430886
Џѕб,-0.107430886
«янѕ,-0.107430886
«Џ“,-0.107430886
«гб,-0.107430886
Ёнѕнж,-0.107854732
Ќ»н»,-0.107854732
«ќ—н,-0.107854732
”г,-0.111882696
ћг«Џ,-0.111882696
«д ен,-0.111882696
«ббе,-0.114455728
«ё«г,-0.114982554
еѕн,-0.1156443
«Џ ёѕ,-0.11727776
гёѕ”,-0.11727776
–д»,-0.119055354
гћ гЏ,-0.119055354
еб,-0.121559272
яг,-0.121654495
—ћб,-0.122178329
«ќћб,-0.123051285
Џг«ѕ,-0.123051285
Џ«ж“,-0.123095748
б»н,-0.123095748
гЏн,-0.123140244
жѕ,-0.123140244
Џг,-0.123140244
”Ќ—,-0.123140244
ќбнћн,-0.123140244
»—нЎ«дн«,-0.123140244
џ«∆»,-0.123140244
джжн,-0.123140244
«ё”г,-0.123184771
гЏ»ѕ,-0.123184771
«Ќ—ё,-0.123184771
»«—я,-0.123184771
дёѕ,-0.123184771
 џнн—,-0.123184771
г’бЌ,-0.123184771
«ѕг,-0.123184771
«‘«Џе,-0.123184771
 Ў»нЏ,-0.123229332
Ё—÷,-0.123229332
я—«ене,-0.123229332
»ян,-0.123229332
е«,-0.123229332
Ќ«ќ«г,-0.123229332
’дЏ,-0.123229332
Џёѕ,-0.123229332
“«—,-0.123229332
‘—Ў,-0.123229332
дё«‘,-0.123229332
Ў«е—,-0.123273924
Џ’—,-0.123273924
”»ё,-0.123273924
“ѕ,-0.123273924
« Ёё,-0.123273924
ў«е—,-0.123273924
ћб,-0.123273924
Ќ‘—,-0.123318549
Ёён—,-0.123318549
»ё—,-0.123318549
»ѕжн,-0.123318549
джЏ,-0.123318549
Ћб«Ћ,-0.123363206
Џ»«ѕе,-0.123363206
«—”б,-0.123363206
 ‘нЏ,-0.123363206
somelink,-0.123395259
«Ќ —г,-0.123407895
я—»б«Ѕ,-0.123407895
гег,-0.123452617
«д”«дне,-0.123452617
 нгне,-0.123492746
ёѕ”,-0.123497372
ѕЁ«Џ,-0.123497372
“гд,-0.123542159
Ё«—”н,-0.123586979
«” Ў«Џ,-0.123631831
жёЏ,-0.123631831
»бѕ,-0.123818129
« »«Џ,-0.123901632
г«–«,-0.124217895
Ён,-0.124855304
Џ—«ё,-0.128288129
гЁя—,-0.130705358
дЁж–,-0.130821673
‘г«б,-0.130821673
жѕЏ,-0.130821673
де«—,-0.130821673
гЏўг,-0.130821673
«” ё»б,-0.130821673
Џѕ«Ѕ,-0.130821673
«џ«—,-0.130821673
г«Ѕ,-0.130821673
—»Ў,-0.130821673
ќ«бЁ,-0.130821673
—гн,-0.130821673
ћ«—,-0.130938196
«ё—»,-0.130938196
ѕ—ћ,-0.130938196
ё÷н,-0.130938196
«ќ бЁ,-0.130938196
‘—»,-0.130938196
 ’—Ё,-0.131054927
г’ѕ—,-0.131054927
ќ«бё,-0.131054927
’Ё,-0.131406376
«”«б,-0.131406376
«ЏЎн,-0.131641727
б,-0.132162109
« н,-0.132233822
«ге,-0.133071786
«ќже,-0.137609499
‘нќ,-0.138126107
—ѕ,-0.138161484
яб«г,-0.138522991
дў—,-0.139039634
Џ«‘,-0.139779534
г«,-0.140154964
џн—,-0.141358649
б»д«дн,-0.146639367
б»д«д,-0.148179553
«ёб,-0.149749056
г∆е,-0.153673176
ћ«“,-0.153673176
«бќ,-0.153673176
ж”нбе,-0.153673176
÷Ќне,-0.154304204
»д ,-0.158542751
«д”«д,-0.159636495
ћ«гЏе,-0.159851532
ќ«б’,-0.159851532
—ж«не,-0.159851532
«Ћ» ,-0.159851532
»«—,-0.159851532
‘ќ’не,-0.159851532
»Ќ—,-0.159851532
»я—,-0.159851532
«Ё  «Ќќядн”еќЁнќёЎ—«Ё  «Ќядн”еЁнёЎ—,-0.159851532
ёд«е,-0.160363949
ёжб,-0.16192119
ёб»,-0.161992161
ЌѕЋ,-0.163720162
—ЁЏ,-0.163720162
—«н,-0.163720162
ё«б,-0.164729408
нж”Ё,-0.164924365
”Џжѕне,-0.164924365
ўе—,-0.164924365
яЋн—,-0.165164398
г–е»,-0.167963797
”нЅ,-0.170900097
еѕжЅ,-0.170900097
ё—не,-0.170900097
’«—жќ,-0.170900097
гЏ—Ёе,-0.170900097
Џг«д,-0.170900097
гѕ—”е,-0.170900097
ће«ѕ,-0.170900097
ѕЏжн,-0.170900097
’—,-0.170900097
—ћ«,-0.170900097
–я—н,-0.170900097
 Ќ‘—,-0.170900097
г «»Џ,-0.170900097
 Џ»н—,-0.170900097
Ќ«ће,-0.170900097
дў—не,-0.170900097
»ж—г«,-0.170900097
гЏбжг,-0.170900097
дўг,-0.170900097
ёЏ—,-0.170900097
—Ќнг,-0.171294537
‘»,-0.171294537
 Џ«н‘,-0.171294537
д”»е,-0.171294537
«жб,-0.171690811
гб,-0.174882254
«”б«г,-0.176491445
Џ»—,-0.178028438
ѕЏ«,-0.180775358
»ЏЋ,-0.180776819
Ёёне,-0.180776819
Ќѕ,-0.184175174
Џ–«»,-0.185367239
жбѕ,-0.185367239
Ќбж,-0.185367239
ѕн«де,-0.186325523
я«д,-0.192291296
«г—«е,-0.196041917
÷џЎ,-0.196319009
гѕ—”,-0.196319009
»ѕЏе,-0.196319009
’—«Џ,-0.196319009
»ѕд,-0.196319009
Ќд»бн,-0.196319009
Џ«ге,-0.196596891
Ќ—,-0.196875566
‘»е,-0.197155037
ггбяе,-0.197716382
’ЌнЌ,-0.197998264
—∆н”,-0.203085462
гд,-0.205552147
Џдж«д,-0.206470016
ёнге,-0.208991426
»«»,-0.209993625
гдЎёе,-0.213457455
 –я—,-0.213878736
гћб”,-0.213878736
б»”,-0.214597927
’«бЌ,-0.215716381
Џжѕе,-0.218975181
я‘Ё,-0.218975181
ян,-0.221577143
–я—,-0.221835249
somenumber,-0.22547198
‘еѕ,-0.226757413
жЏѕ,-0.226757413
Ќў,-0.226757413
—”гн,-0.226757413
Ёб”Ёе,-0.226757413
”бЁ,-0.226757413
 Џбнг,-0.226757413
”«Џе,-0.22719772
гЏ ёѕ,-0.22719772
«—»Џ,-0.22719772
ёѕ—,-0.232959228
я»н—,-0.235590976
жЌнѕ,-0.236621803
«ќн—,-0.236621803
я«гб,-0.236621803
«Ћднд,-0.24383023
«ебн,-0.24383023
«џдне,-0.24383023
ён«ге,-0.24383023
«”гЏ,-0.24383023
« ’«б,-0.24383023
«ё ’«ѕ,-0.24383023
г ѕнд,-0.24383023
дне,-0.24383023
 ћ—»е,-0.24383023
«Џ«ѕ,-0.24383023
г‘—ё,-0.24383023
ё»Ўн,-0.24383023
—‘Ёе,-0.24383023
г”нЌне,-0.244430831
‘«—Џ,-0.245034427
ѕндн,-0.2462507
ё—«д,-0.246863423
”б«г,-0.251677406
гƒ””,-0.255276733
д»жн,-0.255276733
”н«”е,-0.255276733
”ёжЎ,-0.255276733
Џб«ё,-0.255276733
«д ёѕ,-0.255276733
«Џ дё,-0.255276733
ћ—нЌ,-0.255276733
«ѕн,-0.255276733
гЏ—яе,-0.255276733
гбя,-0.259139075
Ё—Ќ,-0.26048455
гдЎё,-0.263366342
—»г«,-0.263366342
жб«не,-0.263366342
е«н,-0.263366342
Ќ”д,-0.263909821
Џёнѕе,-0.267532284
ж«бн,-0.269403391
÷ЏЁ,-0.269403391
Ўб»,-0.270493129
“г«д,-0.270493129
«еб,-0.272672263
ж’Ё,-0.274093857
ёжн,-0.274093857
ЌЁў,-0.276692707
Ёег,-0.277853229
»ѕ«,-0.279271666
”де,-0.280117934
Ќгѕ,-0.280970079
б”«д,-0.283531782
»д,-0.2871409
гдећ,-0.289324068
Џбн,-0.293870805
Ќ»,-0.297148367
г”нЌн,-0.29829634
Ќн«е,-0.298661352
г«б,-0.299990807
д«Ё–е,-0.308334658
Џдн,-0.308495369
гЏбжге,-0.308495369
гяжд,-0.308495369
Џѕд,-0.308495369
гЌ«Ёў,-0.308495369
гќ«бЁ,-0.308495369
г»ѕ«,-0.308656249
я«Ё,-0.308656249
дћЌ,-0.308656249
џ—ѕ,-0.308656249
—‘Ё,-0.308656249
гж”н,-0.308817301
 —ян«,-0.308817301
г—Ѕ,-0.308817301
ћдѕн,-0.308817301
г—я“,-0.308817301
«“ге,-0.308817301
Џб«ёе,-0.309139917
яЁ,-0.309139917
Ќгн,-0.309301481
ѕж—,-0.309301481
”—,-0.309463218
гѕнд,-0.309625127
—«Ќ,-0.309787207
Ё—ёе,-0.310763326
”»Џ,-0.311910063
”д,-0.312569212
someuser,-0.313203953
»Ў—н—я,-0.323219014
ѕЏже,-0.330497911
»нд,-0.330877762
‘я—,-0.333190588
»ќ«—н,-0.333190588
жёЁ,-0.337968671
ўбг,-0.339436284
ћгнб,-0.339436284
ѕя ж—,-0.339436284
Ќ“д,-0.339436284
Џ«ћб,-0.342487623
ќбё,-0.344864281
«дћнб,-0.34631697
гж÷жЏ,-0.350040266
‘—,-0.350730194
Џ“н“,-0.351245762
—«Џн,-0.352256291
б”д,-0.355533695
—”«бе,-0.355797086
ћгЏ,-0.355797086
Ёёе,-0.357800936
Џѕѕ,-0.357800936
дЁЏ,-0.357800936
ё’ѕ,-0.357800936
«“ѕ«ѕ,-0.366910507
г”янд,-0.366910507
’Ёе,-0.367924051
”«»ё,-0.367924051
г«—ждн,-0.367924051
«»д,-0.371049219
Џўнг,-0.373128349
«Ќ”д,-0.373858794
ћѕнѕ,-0.377635255
яжн ,-0.379485534
гг«—”,-0.380375303
»«еб,-0.380375303
«ћд»н,-0.380375303
Ќ—яе,-0.380375303
«Ќг—,-0.380375303
Џг—ж,-0.380375303
 —Ќнб,-0.380375303
г‘ —я,-0.380375303
«ћ—е,-0.380375303
Ќ–Ё,-0.380375303
бџе,-0.380375303
гжЌѕ,-0.380375303
—жн,-0.380375303
”ег,-0.380375303
’ж ,-0.381226016
»—,-0.381226016
ё—«—,-0.38380172
Џ«г,-0.388003983
«Џўг,-0.388003983
ѕ—”,-0.390598341
ќб«Ё,-0.390598341
яжд,-0.395058398
Џ»ѕ,-0.396780512
’ѕнё,-0.399725484
гўбжг,-0.402901146
Ќ«Ёў,-0.402901146
ћ”ѕ,-0.402901146
«г«г,-0.403411677
жЎдн,-0.403591971
Ў—Ё,-0.403591971
—”жб,-0.403696792
яЁн,-0.410946913
ё—«,-0.411911825
‘енѕ,-0.411911825
”жЅ,-0.414112299
ћдж»н,-0.414112299
я «»,-0.417219209
г«÷н,-0.419734395
ё’е,-0.419734395
«‘«—,-0.419734395
”бЎе,-0.419734395
ѕ—«”е,-0.419734395
н”жЏ,-0.419734395
г”бг,-0.42000352
гжёЁ,-0.420954724
«нг«д,-0.421932976
—»,-0.426119295
—Ќгд,-0.427389965
Џ«бгн,-0.427389965
‘е«ѕе,-0.427389965
«Ќгѕ,-0.430917302
»’—н,-0.43183994
Џёнѕ,-0.431888834
я—нг,-0.431888834
гЌ÷—,-0.434851277
гж ,-0.438737253
ћЏб,-0.443577903
»бџ,-0.44412698
г«∆н,-0.44412698
гЌб,-0.44412698
« Ё«ё,-0.44412698
 б«ён,-0.44412698
ёѕн—,-0.44412698
Ў«Џе,-0.444654874
«бён,-0.444654874
гЌгѕ,-0.44940279
Ћ«бЋ,-0.461914814
Џбгн,-0.461914814
«ег,-0.463879036
«’б«Ќ,-0.468000391
гднЏ,-0.468000391
«Џ ё«ѕ,-0.468000391
«бг«дн«,-0.482602523
Ћ»« ,-0.482602523
 Џѕѕ,-0.482602523
гѕЌ,-0.482602523
”ѕнѕ,-0.482602523
«н«,-0.483496886
Џ»ѕ«ббе,-0.485295996
г—е,-0.485295996
Ё÷б,-0.49853226
гƒгд,-0.500997749
Ћж—,-0.501309028
 ж—«е,-0.501309028
«“б,-0.501309028
«ѕЏн,-0.502572696
гЏдн,-0.502572696
“н«—е,-0.512389945
«Џб«гн,-0.512389945
д’Ќ,-0.512389945
жЌѕ,-0.518238151
”Џ«ѕе,-0.519783986
г—ћЏ,-0.519783986
г«дЏ,-0.519783986
«бг,-0.525115511
ЏЁж,-0.525115511
–« ,-0.525115511
Џд,-0.525853862
«Ќѕ,-0.527496422
–е»,-0.529840859
ё”,-0.552711938
гё«б,-0.552711938
еѕ«не,-0.552711938
 ё—н—,-0.553078271
«” жѕЏ,-0.553078271
Ё’б,-0.553078271
Ё«—”,-0.553078271
џ«бн,-0.553078271
г’ЎЁн,-0.553445115
ќЎ«»,-0.553812472
”г«Ѕ,-0.553812472
гЏ—жЁ,-0.553812472
”Џнѕ,-0.553812472
«ё—,-0.553812472
г«бя,-0.554180343
Џ÷ж,-0.554180343
«” џЁ—,-0.55491763
Џб«ге,-0.55491763
бнб,-0.557141936
”Џѕ,-0.559385106
ѕЏ«Ѕ,-0.569875551
–бя,-0.581769089
Ќ—н—н,-0.58215083
«ћгб,-0.591603887
”дн,-0.599469254
гжёЏ,-0.600316089
”«н”,-0.600316089
 «»,-0.600316089
«Ќг,-0.600316089
џ«ѕ—,-0.600316089
«”г«Џнбн,-0.600316089
я »,-0.603680988
ћг«Џе,-0.60381018
Џг—,-0.61131279
«Џ—«»,-0.614743185
бнбе,-0.614743185
«”бг,-0.614743185
’Ёёе,-0.614743185
«—ѕд,-0.614743185
гЏбг,-0.614743185
»б«Ѕ,-0.614743185
«д”,-0.614743185
Џгн,-0.614743185
«бгѕќбн,-0.614743185
ћ«Ён,-0.614743185
г —Ё,-0.614743185
Ё«’»—ж«,-0.614743185
 н«—,-0.616050098
Ќн,-0.618681766
«бе,-0.621337512
«“н«—,-0.627832162
гд“б,-0.628162407
едѕж”н,-0.633037296
ћде,-0.634098672
«г—,-0.640907854
г‘—я,-0.641524565
Ќ«ћ,-0.643708833
дЏнг,-0.643708833
Џ»ѕ«бЏ“н“,-0.643708833
 бён,-0.643708833
ЌѕнЋ,-0.655839332
ќг”,-0.660605852
«гнд,-0.661336124
«” «–,-0.670271025
жЁё,-0.670271025
д’н»,-0.670271025
Ќбг,-0.670271025
гЎбё,-0.670271025
—«ћЏ,-0.670271025
д«∆»,-0.670271025
гћ«б,-0.670271025
«г«д,-0.671784523
ябге,-0.679105138
Ќж«—,-0.679105138
 «—нќн,-0.683800962
г—нг,-0.691995539
ћг«б,-0.691995539
’б«е,-0.692956737
’б«Ќ,-0.697588709
’бЌ,-0.697588709
»нЏ,-0.701719122
д»н,-0.706829515
—Ќг,-0.709218794
ѕдн«,-0.711054781
«ёбнг,-0.71988742
«ќЎ«,-0.71988742
г‘«—яе,-0.720458868
“«∆—,-0.720458868
ѕ” ж—,-0.720458868
ёбё,-0.720458868
Ќг«не,-0.722754584
ё—«дн,-0.722754584
Џ—‘,-0.723331007
«ЌЁў,-0.730327159
«” ё«бе,-0.745658396
«’»Ќ,-0.746752459
’«ѕё,-0.755758482
г»«—я,-0.755758482
»н«д,-0.755758482
жЁ«е,-0.755758482
ёжгн,-0.76618948
«б»«дн,-0.76618948
”«∆—,-0.76618948
я—»е,-0.76618948
—ћ»,-0.76618948
ћгнЏ,-0.767597217
ѕ—“н,-0.770054788
«д“б,-0.772003614
«ббег,-0.775577231
ё»—,-0.785696941
дж—,-0.789475921
—»же,-0.799280496
«Џбн,-0.808147768
«б—«Ќгнд,-0.808147768
«”ядѕ—не,-0.808147768
«б—«»Ў,-0.808147768
ѕ—е,-0.808147768
«”г«Џнбне,-0.808147768
ќн—,-0.815544187
гя »,-0.818841277
«”Џѕ,-0.818841277
«ћ—,-0.818841277
’Ќе,-0.82919493
ж«ћ»,-0.83648267
дћ—«д,-0.840909656
«ёдЏ,-0.846097848
‘—ня,-0.846097848
«дћб,-0.846097848
 —«Ћ,-0.846875266
’бн,-0.858960949
н«г,-0.863981774
«—»,-0.872048948
«»,-0.872048948
”«б,-0.877526521
 Ё”н—,-0.882807161
«џ÷»,-0.882807161
»Ўжд,-0.896093678
»—ѕ,-0.898957665
’»—,-0.898957665
гќ—ћ,-0.898957665
гЌгѕ«,-0.898957665
бЏб,-0.916298144
«я—г,-0.916298144
н«бќ—жЁ,-0.916298144
 Ќгнб,-0.946657175
»«∆Џ,-0.946657175
Ў«бг«,-0.946657175
«ћгЏ,-0.950606354
«—ё,-0.950606354
‘—Ќ,-0.970924582
Џ«Ён,-0.977079648
‘Ён,-0.985982736
”нѕе,-0.990063556
Ё”нЌ,-1.00162314
”бг,-1.003205678
’б,-1.004820086
Ё—ћ,-1.012652643
÷н«Ѕ,-1.017788114
Ё”Ќе,-1.017788114
”—ж—,-1.017788114
—Ќге,-1.024652496
’—Ё,-1.029846677
»—яе,-1.029846677
дЏге,-1.029846677
’«»—,-1.029846677
” —,-1.031037073
ябг,-1.040281472
жѕн,-1.079479278
г—÷,-1.094961197
«‘Ён,-1.10194597
’ѕ—,-1.106164135
гџ—»,-1.1322333
«я—«г,-1.1322333
÷—,-1.179316365
»—д«гћ,-1.189696831
 Ё—ё,-1.189696831
«’бЌ,-1.214102934
ж”Џ,-1.21590862
г”,-1.234452122
«ѕ»—,-1.240674108
’»«Ќ,-1.241984925
ЁЎ—,-1.287985963
«–я«—,-1.305412443
’«∆г,-1.305412443
г«“Ќ,-1.305412443
г∆–де,-1.305412443
’Ё—,-1.305412443
‘«Ён,-1.305412443
ќЎ«,-1.305412443
«ЏЎд«,-1.305412443
«бб»д«днд,-1.305412443
«’»Џ,-1.344774653
«гн,-1.344774653
ѕе—,-1.347200753
гЎг∆д,-1.380832165
«ќ—е,-1.383465486
г—н÷,-1.405859098
 Ќне,-1.414072191
ЏЎ«Ѕ,-1.414072191
гн ,-1.432042961
—“ё,-1.440837472
бё«Ѕ,-1.444883614
”ёг,-1.444883614
е—н—,-1.447932004
”«∆б,-1.473581526
ћб«б,-1.473581526
ж«бѕн,-1.500424601
÷нё,-1.503888899
—«жн,-1.516787557
«г”н,-1.525627672
ж«бѕ,-1.542945533
џЁ—,-1.54549981
«”Ё—,-1.571807288
Ќд»б,-1.571807288
‘ « ,-1.632489669
 жяб,-1.632489669
ЌднЁ,-1.678691678
б»«”,-1.701274079
«ќб«’,-1.733510222
«»—«енг,-1.738614238
‘Ё«Ѕ,-1.759813048
Џ«Ёне,-1.786084399
