term,pmi_score
бЏде,4.868037958
Џе—,4.742507076
дћ”,4.327469576
ё—ѕ,4.189966053
ќд“н—,4.189966053
»“,4.090430379
яб»,3.983515175
ё–—,3.926931647
«” џ—»,3.868037958
’бн»не,3.868037958
Џгнб,3.605003552
бЏд,3.358363584
гћж”,3.318699367
«д ёг,3.283075457
“»—,3.189966053
«—е«»,3.067346766
Џ«‘—,2.983515175
ќ«∆д,2.961147362
Ќг«—,2.94604047
я«ўг,2.94604047
ж”ќ,2.868037958
» жн —,2.794037376
 ‘«—б“,2.785575798
ё–«—е,2.742507076
”нЎ—е,2.742507076
”«е—,2.723648049
ќ»нЋ,2.698112956
гЏгг,2.698112956
«дћ”,2.605003552
г«еж,2.605003552
ќгндн,2.605003552
”бЎ,2.605003552
 д«ё÷,2.605003552
”» ,2.531002971
гЌ—«»,2.531002971
Ќёѕ,2.520114654
Ё÷Ќ,2.505467878
ЌЁнѕ,2.453000459
 —«г»,2.453000459
ѕг«—,2.453000459
ЌЋ«бе,2.453000459
«ж—»н,2.453000459
дЁ«ё,2.420578981
жянб,2.420578981
џ»н,2.420578981
Џѕж«д,2.398552675
 «ё,2.398552675
«»«Ќн,2.398552675
«ќЎ—,2.370538298
«—е»,2.312822801
’енждн,2.283075457
‘Џ»н,2.283075457
Ў»Џ,2.189966053
—«Ё÷н,2.189966053
«бб« ,2.189966053
ћеб,2.189966053
«бЌжЋн,2.157544575
ќ«д,2.157544575
»е—,2.157544575
ёг,2.157544575
бЌг,2.157544575
ћ—нге,2.090430379
«Ќ”,2.090430379
“б“б,2.090430379
Ќ‘ѕ,2.090430379
 ѕгн—,2.060683036
«бЌжЋнжд,2.055664961
«»«ѕ,2.048610204
яЁ—,2.035147944
«Ё н,2.020041051
Ўе—,2.020041051
«б–н,2.020041051
«–б,2.020041051
гж«ће,2.020041051
—«Ё÷е,2.020041051
гя—,2.020041051
е б—,2.020041051
 Ќ—н÷,2.020041051
гбб,2.020041051
»ѕнд,1.983515175
д’,1.983515175
«б« «—»,1.983515175
ѕ«Џ‘,1.971131451
ћ“не,1.967573631
Ќ«ёѕ,1.961147362
же«»н,1.904563834
бн»—«бн,1.904563834
’дЏ«Ѕ,1.90198529
—џг,1.868037958
’Ёё,1.868037958
Ќнж«д,1.868037958
Ё«ћ—,1.868037958
яЁ«—,1.868037958
Џ«ёб,1.868037958
џ»«Ѕ,1.868037958
‘нЎ«д,1.837664309
я«Ё—,1.773401084
ќж«—ћ,1.768502284
дЁ”н,1.768502284
ё÷«Ѕ,1.742507076
–б,1.742507076
еѕѕ,1.742507076
Џ«—,1.742507076
»жб,1.742507076
”»,1.723648049
”ёЎ,1.698112956
я–»,1.685173901
Џѕ«же,1.66158708
Ќ«жб,1.66158708
’жЁн,1.645645537
”Џжѕ,1.605003552
гЌ б,1.605003552
 Ќ—нг,1.605003552
»—нЅ,1.605003552
«б”н”н,1.605003552
џ÷,1.605003552
гнд«Ѕ,1.605003552
«—е«»н,1.591197753
‘—я,1.578531341
—ж”н,1.572582074
Ќ«—»,1.568477676
ЎЏд,1.563183376
Ќ—«г,1.556093952
ё—»,1.546109863
Џн«б,1.546109863
ќн«де,1.546109863
 ѕнд,1.546109863
гћ“—е,1.505467878
Џбг«дн,1.505467878
ё б,1.484709318
ўеж—,1.484709318
Ќ’«—,1.475720535
Џ»жѕн,1.453000459
г»нд,1.453000459
г” Ќнб,1.453000459
Ќжб,1.453000459
Џбжн,1.453000459
«д ё«г,1.453000459
Ќћг,1.453000459
я«ѕ,1.453000459
Ќ÷«—е,1.453000459
ёѕ,1.453000459
«д гн,1.453000459
жЋдн,1.453000459
«бя—«дн,1.453000459
«ё’н,1.420578981
»«Џ,1.420578981
ќЎн»,1.420578981
Ќ—”,1.420578981
е«бя,1.420578981
ѕќжб,1.420578981
гЌ—г,1.420578981
÷ѕ,1.412358474
гбнжд,1.398552675
ѕнд«,1.382611131
«ћ»—,1.374223345
‘—Џ,1.370538298
ќг—,1.370538298
«Џбд,1.370538298
гћж”н,1.370538298
‘яб,1.370538298
џ÷»,1.370538298
џ—»,1.347205795
Џбг«дне,1.341969146
‘жЁ,1.337523241
ѕг—,1.337523241
»«Ўб,1.330381172
‘Џ«—,1.283075457
 ќнб,1.283075457
 Ќ«бЁ,1.283075457
ЌбнЁ,1.283075457
“Џг,1.283075457
Џё«»,1.283075457
Џ«∆‘,1.283075457
«н‘,1.283075457
«бѕж«Џ‘,1.283075457
«Ё”ѕ,1.283075457
 Ёян—,1.283075457
Ќ—н,1.283075457
 ‘жне,1.283075457
џ—»н,1.283075457
Ў»нЏе,1.283075457
«е«д,1.283075457
Џ“н“н,1.283075457
г‘«—я,1.283075457
ё–Ё,1.283075457
гбЌѕ,1.237494423
нежѕн,1.222558105
«ћ«»,1.221674912
гћ—г,1.209074876
дў«г,1.205072945
‘Џ»,1.200613297
ё’Ё,1.200613297
‘—Ё,1.189966053
« ег,1.189966053
»Ўб,1.176160253
«бн,1.176160253
»Ў—я,1.176160253
’«—,1.16759824
«»н,1.157544575
 Ўж—,1.157544575
д»Ќ,1.131072364
гё«»б,1.131072364
я–«»,1.131072364
Џн»,1.131072364
е«ћг,1.131072364
гƒнѕ,1.131072364
«Ќ—ћ,1.131072364
Џёбн,1.131072364
е—»,1.131072364
ћ«”г,1.131072364
»дн,1.113150456
де«не,1.113150456
ё« б,1.106197695
‘нЅ,1.103526037
г‘ябе,1.090430379
џѕ,1.090430379
«ќ«Ё,1.090430379
’ѕЁе,1.090430379
гЏ«жне,1.090430379
еѕЁ,1.07662458
ќЎ—,1.060683036
г’н»е,1.060683036
‘нжЏн,1.060683036
 ќбЁ,1.060683036
Ќёнёе,1.053593611
Ў«∆Ён,1.048610204
я—е,1.04491572
еб«б,1.042067358
”б«Ќ,1.042067358
бн,1.033097204
ё «б,1.020041051
 дўнг,1.020041051
Џ«гб,1.020041051
»б«,1.020041051
Ќб«б,1.020041051
я«–»,1.020041051
 »дн,1.020041051
«” ÷«Ё,1.020041051
ён«ѕ,1.020041051
г Ў—Ё,1.020041051
»‘«—,1.020041051
”»»,0.999282491
«г—ня«,0.983515175
«”—«∆нбн,0.983515175
гѕ,0.983515175
 ѕќб,0.983515175
Ќ—»,0.969917572
ж«ёЏ,0.961147362
ё—ж»,0.961147362
«‘—я,0.961147362
«Ћ«—,0.961147362
’—«Ќ,0.961147362
Ўжб,0.961147362
”ќнЁ,0.961147362
“«нѕ,0.961147362
«Ќ б,0.961147362
гё б,0.961147362
Џбё,0.961147362
«ж«д,0.961147362
Џ”я—н,0.961147362
ё«ѕ—,0.961147362
Ћё«Ёе,0.961147362
г ег,0.961147362
гћ«еѕ,0.961147362
 жн —,0.94604047
ѕбнб,0.94604047
ћд”,0.94604047
«ќ—ћ,0.94604047
«я»—,0.935152154
д«ѕн,0.935152154
«Ќ б«б,0.935152154
’џн—,0.935152154
÷«б,0.935152154
ж«÷Ќ,0.935152154
Ў—ѕ,0.920505378
Ё”«ѕ,0.920505378
ё—н»,0.920505378
Ќ”«»,0.920505378
ЎбЏ,0.920505378
Џѕж,0.912707007
«‘ѕ,0.91110668
ћд,0.91110668
Ќяг,0.908227048
Ќ—не,0.899746818
«ж”Ў,0.887146781
ѕЏг,0.884526081
г”ћѕ,0.883467998
«”—«∆нб,0.878685202
Ёб”Ўнд,0.868037958
 Џ«жд,0.868037958
ќ«ѕг,0.868037958
д”»,0.868037958
 г,0.868037958
 жёЏ,0.868037958
«»—н«Ѕ,0.868037958
 «яѕ,0.868037958
Џћ“,0.868037958
янѕ,0.868037958
ќб«’,0.868037958
«Џ —«Ё,0.868037958
гёЎЏ,0.868037958
ёбнб,0.868037958
«ќ ,0.868037958
ќ—«Ёе,0.868037958
џ“«бн,0.868037958
дён,0.868037958
ё»Џ,0.868037958
гЋёЁ,0.868037958
«“е—,0.868037958
Џћн»е,0.868037958
”»«г,0.868037958
Ќж“,0.868037958
бд,0.863268714
‘—нЁ,0.848672633
ћн‘,0.846976342
ё«∆г,0.830563252
«ж—»«,0.830563252
«г«—е,0.813590174
‘я,0.813590174
«дя—,0.813590174
Ќ–—,0.813590174
«» џн,0.813590174
г’бЌе,0.79764863
‘ н,0.79764863
ѕг,0.79764863
«–д,0.79764863
”ћд,0.79764863
ег«,0.79764863
г— “ё,0.79764863
Џёб«дн,0.79764863
гяе,0.79764863
еѕг,0.79764863
ежн,0.792089105
»ѕЏ,0.790035446
Ќб,0.785575798
д«—,0.780575117
ѕЁЏ,0.780575117
Ќёнё,0.777840149
ёб,0.768502284
«’ѕ«—,0.768502284
Ќянг,0.768502284
Џ«’ге,0.768502284
”бг«д,0.768502284
«” ќѕ«г,0.768502284
Џ«—Ё,0.768502284
”г«жн,0.768502284
ќ–б,0.768502284
–«б,0.768502284
«б’Ёжннд,0.768502284
’бн»,0.759513501
д’—«дн,0.751224293
г’—,0.747022557
Ё—”,0.742507076
ќ—ћ,0.742507076
‘«—я,0.742507076
”жё,0.742507076
ћбѕ,0.742507076
 Ў—Ё,0.742507076
Ќг«”,0.730534434
ўд,0.730534434
”«бг,0.730534434
”нѕ,0.726682109
‘«г,0.723648049
’ѕё,0.710496681
«Ё  «Ќ,0.709340212
«гн—,0.698112956
џжЎе,0.698112956
«ЎбЏ,0.698112956
г« ,0.698112956
гё«жге,0.698112956
янЁ,0.698112956
г Џе,0.698112956
Џя”,0.698112956
ё«Џѕ,0.698112956
ѕ«Џн,0.698112956
Џёб,0.698112956
џ“е,0.698112956
«жёЁ,0.698112956
’«дЏ,0.698112956
 Ќѕн,0.698112956
ќжЁ,0.698112956
«—,0.698112956
 Ўен—,0.698112956
я»—н,0.698112956
–»Ќ,0.698112956
»Ћ,0.698112956
жб«Ѕ,0.698112956
«д ‘«—,0.698112956
ѕ«∆г,0.698112956
”жн,0.681624834
‘—ё,0.679004133
нгд,0.67539288
ж‘,0.67539288
«д,0.664946092
ќ«Ё,0.66158708
’Ќ,0.66158708
‘нЏе,0.652432706
Ёб”Ўндн,0.652309267
«”н—,0.645645537
”«Џѕ,0.645645537
Ўе—«д,0.645645537
Џнѕ,0.645645537
«яб,0.645645537
ћ—н,0.645645537
«Ё—нён«,0.645645537
«Џ ёб,0.645645537
«яѕ,0.645645537
ќ«”—,0.645645537
е“е,0.639219267
ћ«Ѕ,0.634547828
«н—«д,0.631638679
ќѕг,0.630998761
ќбЁ,0.630998761
Џ«ѕн,0.620110444
’ж—е,0.617494496
Ќ—г,0.611698205
нгдн,0.605003552
ѕћ«б,0.605003552
г—,0.605003552
÷ЏнЁ,0.605003552
ё«ѕг,0.605003552
 ЌѕЋ,0.605003552
Ќћ—,0.605003552
«Џб«д,0.605003552
’ѕ«г,0.605003552
я—ѕн,0.605003552
 »Џ,0.597948794
Ќ“»,0.59758608
гдЏ,0.591197753
гд«Ёё,0.587930039
ќ»—,0.587930039
Џ—»,0.583734935
гЌгжѕ,0.582635739
ядн”,0.573752618
гЏ ѕб,0.572582074
»Џ÷,0.572582074
«д ‘—,0.572582074
ћдж»,0.572582074
г Ќѕ,0.572582074
г‘еѕ,0.572582074
гЁ н,0.563183376
жбнѕ,0.563183376
«—«ѕ,0.559915662
«н,0.5587099
гЏ,0.55226209
Ё—ѕ,0.546109863
«Џ ѕ«б,0.546109863
д’н—,0.546109863
д«’—,0.546109863
–—«Џ,0.546109863
Ё∆е,0.546109863
«д ’«—,0.546109863
»џ÷,0.546109863
г‘,0.53941521
ћ«еб,0.534614224
—н«÷,0.533302087
Ё жн,0.528187955
Ў«∆Ё,0.524083557
ёЎЏ,0.524083557
«Џбг,0.524083557
« »Џ,0.514401003
д‘—,0.512557303
ећ—,0.505467878
д“б,0.505467878
—«ждѕ,0.505467878
 ећн—,0.505467878
ЌнжЌ‘д«,0.505467878
«Ќ»,0.505467878
“«ѕ,0.505467878
Џ‘ё,0.505467878
г—«е,0.505467878
ё”н”,0.505467878
ќ”—,0.505467878
«Џб«г,0.505467878
геѕн,0.505467878
џдн,0.505467878
Џ«∆бе,0.505467878
Џёбне,0.505467878
 ќбн,0.505467878
”ќ—,0.505467878
 ё»б,0.505467878
ён«ѕе,0.505467878
Џћн»,0.505467878
гќбжё,0.505467878
ггджЏ,0.505467878
д”н,0.494579562
«яЋ—,0.494579562
џ—н»,0.494579562
»ѕ,0.489526335
ёѕг,0.489526335
“Џнг,0.489526335
ж’б,0.489526335
«ћ гЏ,0.489526335
«ўе—,0.489526335
г’н—,0.475720535
бн‘,0.475720535
‘ѕнѕ,0.475720535
гЏёб,0.475720535
дЁ–,0.475720535
ѕ«ЁЏ,0.475720535
Ё«∆ѕе,0.475720535
д’Ё,0.475720535
 гнг,0.475720535
жЌн,0.475720535
ж—«Ѕ,0.475720535
«ѕќб,0.475720535
‘гб,0.475720535
‘»ее,0.475720535
Ў«∆Ёе,0.472109282
 Ќжб,0.463647703
«Ўбё,0.453000459
Џб«жде,0.453000459
Ё«”ѕ,0.453000459
 Џбнё,0.453000459
ќбнЁе,0.453000459
÷Ќя,0.453000459
нгнд,0.453000459
бжд,0.453000459
‘Џж—,0.453000459
 ’ѕн,0.453000459
”ж—н,0.453000459
Ќ«б,0.449085409
ѕжбе,0.448134703
д”«Ѕ,0.446574189
—«”,0.443540129
«д ў—,0.443540129
“б“«б,0.441140303
”Џжѕн,0.440616734
«бЌ«ѕ,0.440616734
гя«д,0.438353683
г’—н,0.435078551
»ЌЋ,0.435078551
ќ—жћ,0.435078551
ё нб,0.435078551
б–н–,0.435078551
ёЎ—,0.429916845
«—÷не,0.427465366
ЎЁб,0.425094462
‘џб,0.420578981
«Ќ,0.420578981
»Џнѕ,0.420578981
”ƒ«б,0.420578981
«Ў—ѕ,0.420578981
Ќ”нд,0.420578981
г‘н,0.420578981
”«яд,0.420578981
‘—нЏе,0.420578981
«’»е«д,0.41431999
гЌѕ,0.408606339
гЏ«»ѕ,0.408606339
«»д«Ѕ,0.403369691
 гдн,0.398552675
”Џн,0.398552675
«—÷,0.39410677
”г«Ќ,0.376184862
ѕ«ќб,0.376184862
б«“г,0.370538298
Џ—«ён,0.370538298
гЋб,0.365537617
ћ“н—е,0.365537617
ёжг,0.361077969
«гд,0.358363584
жЎд,0.355225243
ќбнћ,0.353464785
’Ќ«»е,0.353464785
жће,0.351788207
ег,0.349673206
Ўнб”«д,0.347205795
жћ»,0.337523241
жё ,0.330381172
«н—«дн,0.324895633
дЏг,0.322603821
жћжѕ,0.320550163
»ён,0.317840875
—÷н,0.29637228
«ё”г,0.283075457
Ќ‘—,0.283075457
Ў«е—,0.283075457
ёѕ”,0.283075457
Ён,0.283075457
гег,0.283075457
гЏн,0.283075457
Џ—«ё,0.283075457
Ёён—,0.283075457
 Ў»нЏ,0.283075457
Џ’—,0.283075457
гЏ»ѕ,0.283075457
«Ќ—ё,0.283075457
Џ«ж“,0.283075457
г«–«,0.283075457
Ё—÷,0.283075457
”»ё,0.283075457
»«—я,0.283075457
я—«ене,0.283075457
«” Ў«Џ,0.283075457
»ян,0.283075457
жѕ,0.283075457
б»н,0.283075457
«Ќ —г,0.283075457
«д”«дне,0.283075457
Џг,0.283075457
е«,0.283075457
« »«Џ,0.283075457
Ќ«ќ«г,0.283075457
“ѕ,0.283075457
дёѕ,0.283075457
жёЏ,0.283075457
Ћб«Ћ,0.283075457
«ќћб,0.283075457
Џг«ѕ,0.283075457
”Ќ—,0.283075457
’дЏ,0.283075457
Џёѕ,0.283075457
»ё—,0.283075457
“гд,0.283075457
я—»б«Ѕ,0.283075457
ќбнћн,0.283075457
 џнн—,0.283075457
ѕЁ«Џ,0.283075457
Џ»«ѕе,0.283075457
« Ёё,0.283075457
»—нЎ«дн«,0.283075457
г’бЌ,0.283075457
»ѕжн,0.283075457
джЏ,0.283075457
“«—,0.283075457
Ё«—”н,0.283075457
ў«е—,0.283075457
«—”б,0.283075457
џ«∆»,0.283075457
«ѕг,0.283075457
‘—Ў,0.283075457
ћб,0.283075457
 ‘нЏ,0.283075457
дё«‘,0.283075457
джжн,0.283075457
«‘«Џе,0.283075457
»бѕ,0.2719349
еб,0.26940052
д’—,0.232449384
»,0.224181768
»Ќ—нд,0.224181768
«г—нян,0.21894512
ё«∆ѕ,0.215961261
»«ён,0.205072945
—Ё÷,0.205072945
бн”,0.201938694
ў«бг,0.200613297
”гн,0.195612616
Ќ’б,0.189966053
“«б,0.189966053
ж«Ќѕ,0.186860142
ё«г,0.181195843
ж—н,0.179981964
Џ—»н,0.177280793
«”ѕ,0.176160253
 жЌнѕ,0.176160253
г‘яб,0.176160253
somelink,0.171589681
«Ќ —«г,0.16759824
ѕ—н,0.16759824
гжћжѕ,0.16759824
Џгб,0.161769161
Џ«бг,0.158320426
Џ»«ѕ,0.157544575
ё”г,0.157544575
 яЁн—,0.157544575
—г“,0.157544575
«ќ—,0.15379244
Ќяжге,0.151830924
Ќ”»,0.145571933
Ћж—е,0.145571933
ё»б,0.142212921
бг,0.13668597
«Џ »—,0.131072364
ж”Ў,0.131072364
‘нЏн,0.131072364
»Џѕ,0.131072364
”бЎ«д,0.131072364
ќ’ж’,0.131072364
«дѕб”,0.131072364
Џ—Ё,0.126956255
”»Ќ«д,0.12553418
ж“н—,0.122610785
Ўн»,0.122610785
б«,0.119576725
«’б,0.118016211
« ќ–,0.113150456
ћгеж—,0.113150456
ќ«’,0.113150456
гѕнде,0.113150456
 —ян,0.113150456
—’нѕ,0.113150456
”еб,0.113150456
“ж«ћ,0.113150456
«—«н,0.113150456
Џ»нѕ,0.113150456
‘ г,0.113150456
Ќ—’,0.113150456
ѕжд,0.106197695
Ќ«яг,0.102503211
ен∆е,0.102503211
«бЁ,0.095448454
Џн‘,0.090430379
Џеѕ,0.090430379
«ќ,0.090430379
“жће,0.090430379
»ѕб,0.090430379
г—Ќбе,0.090430379
Ќбё,0.090430379
ќ«—ћ,0.090430379
гќ бЁ,0.090430379
«ёбне,0.090430379
’ЁЌ,0.090430379
Џ«ѕе,0.07662458
—жЌ,0.071571352
’«Ќ»,0.070081734
‘«еѕ,0.068950652
«б,0.063762429
ћѕ,0.060683036
Ќёнён,0.060683036
ѕжбн,0.060683036
Џ“,0.060683036
 «ћ—,0.060683036
«Џћ»,0.060683036
г” «д”,0.060683036
Џжд,0.060683036
»”нЎ,0.060683036
дЌ—,0.060683036
д“Џ,0.060683036
«ебя,0.060683036
ћж,0.060683036
«” џб,0.060683036
«Џ д«ё,0.060683036
‘«Џ—,0.060683036
гдя—,0.060683036
Ќ”ѕ,0.060683036
Ќћ«»,0.060683036
«ќ «—,0.060683036
Ў—Ќ,0.060683036
«бен,0.060683036
Ўж»н,0.060683036
Ў«б»,0.053593611
Ёя—,0.0504147
г‘—жЏ,0.048610204
Џнд,0.04603626
»б,0.04491572
ѕќб,0.042067358
«ћб,0.042067358
«’«»,0.042067358
ё«джд,0.042067358
«бЌгѕббе,0.042067358
”»нб,0.035147944
 «—нќ,0.026735704
е“,0.020041051
ёѕнг,0.020041051
гЌ»е,0.020041051
“б“бе,0.020041051
‘е—,0.020041051
«џб»,0.020041051
џ“ж,0.020041051
Ёћ—,0.020041051
я« »,0.020041051
»ндг«,0.020041051
‘«е,0.020041051
 Џ«гб,0.020041051
ћ“«∆—,0.020041051
бё»,0.020041051
 Џ«бн,0.014586621
ѕнд,0.011591861
дЁ”,0.010703187
я«”,0.010056963
÷—»,0.010056963
д’—«дне,0.007441015
Џ«ѕ,0.005541482
»ж–н,0.002967538
дЌд,-0.003228728
«Џгб,-0.00643116
 «гб,-0.00643116
Ќ—Ё,-0.00643116
Ёя—н,-0.00643116
Ў»нЏн,-0.00643116
ќЎ,-0.00643116
—ж”н«,-0.00643116
ћ«гЏ,-0.00643116
ё«Џѕе,-0.00643116
гж,-0.012380426
 ябг,-0.012380426
‘ќ’,-0.016484825
«еѕн,-0.016484825
”бЁн,-0.016484825
нѕ,-0.018580243
 —я,-0.019487313
«г,-0.03179788
жЏн,-0.038852638
«Ё÷б,-0.038852638
—ћЏ,-0.038852638
ёд«,-0.038852638
ћж«»,-0.038852638
яжн н,-0.038852638
 Ќ—н—,-0.038852638
 Ќёнё,-0.038852638
ќ«бѕ,-0.038852638
ё«ѕ,-0.038852638
Ё Ќ,-0.052527575
Џ—÷,-0.05395953
«д«,-0.057961461
ёже,-0.062060029
Ё—ё,-0.064847846
ё’,-0.064847846
«—÷н,-0.064847846
Џн”н,-0.064847846
”н«”н,-0.064847846
«б«,-0.064847846
яб,-0.077885369
«”б«гн,-0.079494622
«‘—Ё,-0.079494622
Ё«÷н,-0.079494622
”«—,-0.079494622
Џ»ѕе,-0.079494622
Ў»ё,-0.079494622
 џ—нѕ,-0.079494622
‘«»,-0.079494622
«Ћ—,-0.08889332
«ќ–,-0.091320058
бѕн,-0.095436166
ед«,-0.095436166
»«б,-0.095436166
‘«д,-0.095436166
”гЌ,-0.095436166
Ћ» ,-0.095436166
ж÷Џ,-0.103947666
жбн,-0.103947666
”ж—н«,-0.106871061
”гЏ,-0.106871061
Ё де,-0.109241966
ядн”е,-0.113814695
»ё,-0.131962042
гЌ»,-0.131962042
ежне,-0.131962042
бяд,-0.131962042
Ћ«дн,-0.131962042
ѕ«—,-0.131962042
Ќнд,-0.131962042
«»ѕ,-0.131962042
«—ѕжџ«д,-0.131962042
‘Џ—,-0.131962042
ЁћЏ,-0.131962042
н«—”жб,-0.131962042
г ”«гЌ,-0.131962042
Ўё”,-0.131962042
ћ«д»,-0.131962042
‘«ЁЏн,-0.131962042
Ё‘б,-0.131962042
«Џ —Ё,-0.131962042
’бе,-0.131962042
“нѕ,-0.131962042
 ћ«ж“,-0.131962042
÷«ё,-0.131962042
Џбг,-0.139379514
е–«,-0.147558897
бг«–«,-0.155045655
ЁЏб,-0.159442779
д«”,-0.160531194
жћѕ,-0.161226637
нежѕне,-0.176356161
‘«Ѕ,-0.176356161
нжг,-0.176356161
бЏ»,-0.176356161
дёб,-0.176356161
Ё—нё,-0.176356161
“жћ,-0.176356161
 «»Џ,-0.176356161
Ќгб,-0.176356161
г«—”,-0.176356161
«Ќ «ћ,-0.176356161
гЏ’не,-0.176356161
Ќё,-0.184050553
г”нЌ,-0.184703504
яЋ—,-0.186409826
«”Ё,-0.186409826
Џдѕ,-0.186409826
«ббе,-0.188793265
»‘—,-0.190855731
«”г,-0.190855731
Џѕг,-0.190855731
 ж«ћѕ,-0.20235137
»д«Ѕ,-0.20235137
Ў»,-0.20235137
ё÷не,-0.20235137
 ”гЏ,-0.20235137
Џ—ж»е,-0.20235137
гћгжЏ,-0.20235137
 ёжн,-0.20235137
ѕг‘ё,-0.20235137
г» ѕЏ,-0.20235137
»н ,-0.207250169
«»ж,-0.209964554
«не,-0.214424202
ё—д,-0.219424883
«ёжн,-0.219424883
Ќћ,-0.223884532
б«г,-0.231497716
Ў—нё,-0.231497716
«нѕ,-0.231497716
 Џбг,-0.231497716
 г«г,-0.231497716
д нће,-0.231497716
г” ё»б,-0.231497716
гж«Ўд,-0.231497716
ћгеж—н,-0.231497716
«ќ б«Ё,-0.231497716
”б«ге,-0.231497716
 ”«гЌ,-0.24743926
Џѕб,-0.24743926
«янѕ,-0.24743926
«Џ“,-0.24743926
Ёнѕнж,-0.24743926
«гб,-0.24743926
Ќ»н»,-0.24743926
«ќ—н,-0.24743926
”г,-0.257492924
ћг«Џ,-0.257492924
«д ен,-0.257492924
еѕн,-0.264412338
«ё«г,-0.264412338
«Џ ёѕ,-0.269465566
гёѕ”,-0.269465566
–д»,-0.273317891
гћ гЏ,-0.273317891
—ћб,-0.277639497
яг,-0.27880343
 нгне,-0.282521719
г«,-0.287013767
б,-0.292236874
«ЏЎн,-0.301887044
«ге,-0.301887044
« н,-0.301887044
ћ«—,-0.301887044
дЁж–,-0.301887044
 ’—Ё,-0.301887044
‘г«б,-0.301887044
жѕЏ,-0.301887044
’Ё,-0.301887044
де«—,-0.301887044
«ё—»,-0.301887044
гЏўг,-0.301887044
«” ё»б,-0.301887044
Џѕ«Ѕ,-0.301887044
ѕ—ћ,-0.301887044
ё÷н,-0.301887044
«ќ бЁ,-0.301887044
«”«б,-0.301887044
«џ«—,-0.301887044
г«Ѕ,-0.301887044
‘—»,-0.301887044
—»Ў,-0.301887044
гЁя—,-0.301887044
г’ѕ—,-0.301887044
ќ«бЁ,-0.301887044
—гн,-0.301887044
ќ«бё,-0.301887044
‘нќ,-0.307533607
«ќже,-0.309500228
—ѕ,-0.314165373
яб«г,-0.31556198
дў—,-0.317317084
џн—,-0.318960557
Џ«‘,-0.319589045
ё«б,-0.327772504
б»д«д,-0.32990142
б»д«дн,-0.332260693
«ёб,-0.344955765
«”б«г,-0.348057225
г∆е,-0.354354463
ћ«“,-0.354354463
«бќ,-0.354354463
÷Ќне,-0.354354463
ж”нбе,-0.354354463
»д ,-0.363287588
«д”«д,-0.364622799
ёб»,-0.366427296
ћ«гЏе,-0.369001239
ќ«б’,-0.369001239
ёжб,-0.369001239
ёд«е,-0.369001239
—ж«не,-0.369001239
«Ћ» ,-0.369001239
»«—,-0.369001239
‘ќ’не,-0.369001239
»Ќ—,-0.369001239
»я—,-0.369001239
«Ё  «Ќќядн”еќЁнќёЎ—«Ё  «Ќядн”еЁнёЎ—,-0.369001239
ЌѕЋ,-0.375887625
—ЁЏ,-0.375887625
—«н,-0.375887625
яЋн—,-0.375887625
нж”Ё,-0.379889556
”Џжѕне,-0.379889556
ўе—,-0.379889556
г–е»,-0.381740351
гб,-0.390423718
—Ќнг,-0.394996448
«жб,-0.394996448
”нЅ,-0.394996448
еѕжЅ,-0.394996448
ё—не,-0.394996448
’«—жќ,-0.394996448
гЏ—Ёе,-0.394996448
Џг«д,-0.394996448
‘»,-0.394996448
гѕ—”е,-0.394996448
ће«ѕ,-0.394996448
ѕЏжн,-0.394996448
 Џ«н‘,-0.394996448
’—,-0.394996448
—ћ«,-0.394996448
–я—н,-0.394996448
 Ќ‘—,-0.394996448
г «»Џ,-0.394996448
 Џ»н—,-0.394996448
Ќ«ће,-0.394996448
дў—не,-0.394996448
»ж—г«,-0.394996448
гЏбжг,-0.394996448
д”»е,-0.394996448
дўг,-0.394996448
ёЏ—,-0.394996448
Џ»—,-0.406584422
ѕЏ«,-0.408802247
»ЏЋ,-0.417364261
Ёёне,-0.417364261
Ќѕ,-0.421468659
Џ–«»,-0.427417926
я«д,-0.427417926
жбѕ,-0.427417926
Ќбж,-0.427417926
ѕн«де,-0.427417926
’ЌнЌ,-0.453890137
«г—«е,-0.453890137
ггбяе,-0.453890137
Ќ—,-0.453890137
÷џЎ,-0.453890137
‘»е,-0.453890137
гѕ—”,-0.453890137
»ѕЏе,-0.453890137
’—«Џ,-0.453890137
»ѕд,-0.453890137
Џ«ге,-0.453890137
Ќд»бн,-0.453890137
somenumber,-0.459492843
гд,-0.464737519
—∆н”,-0.465385776
Џдж«д,-0.475916443
»«»,-0.482459289
ёнге,-0.482459289
гдЎёе,-0.489514047
’«бЌ,-0.491364842
 –я—,-0.494532122
б»”,-0.494532122
гћб”,-0.494532122
Џжѕе,-0.505420438
я‘Ё,-0.505420438
–я—,-0.508337921
ян,-0.510473665
‘еѕ,-0.524279465
жЏѕ,-0.524279465
Ќў,-0.524279465
—”гн,-0.524279465
”«Џе,-0.524279465
гЏ ёѕ,-0.524279465
Ёб”Ёе,-0.524279465
”бЁ,-0.524279465
«—»Џ,-0.524279465
 Џбнг,-0.524279465
ёѕ—,-0.536352297
я»н—,-0.540046781
«еб,-0.540673903
жЌнѕ,-0.546999541
«ќн—,-0.546999541
я«гб,-0.546999541
”де,-0.551935808
«Ћднд,-0.564921449
«ебн,-0.564921449
«џдне,-0.564921449
г”нЌне,-0.564921449
ён«ге,-0.564921449
«”гЏ,-0.564921449
« ’«б,-0.564921449
ѕндн,-0.564921449
‘«—Џ,-0.564921449
«ё ’«ѕ,-0.564921449
ё—«д,-0.564921449
г ѕнд,-0.564921449
дне,-0.564921449
 ћ—»е,-0.564921449
«Џ«ѕ,-0.564921449
г‘—ё,-0.564921449
ё»Ўн,-0.564921449
—‘Ёе,-0.564921449
”б«г,-0.572534634
гƒ””,-0.591393661
д»жн,-0.591393661
”н«”е,-0.591393661
гбя,-0.591393661
”ёжЎ,-0.591393661
Џб«ё,-0.591393661
«д ёѕ,-0.591393661
«Џ дё,-0.591393661
ћ—нЌ,-0.591393661
«ѕн,-0.591393661
гЏ—яе,-0.591393661
Ё—Ќ,-0.601447325
Ќ”д,-0.603267761
г”нЌн,-0.606467895
гдЎё,-0.610009339
—»г«,-0.610009339
жб«не,-0.610009339
е«н,-0.610009339
Џёнѕе,-0.615044929
Ўб»,-0.623815138
ж«бн,-0.623815138
“г«д,-0.623815138
÷ЏЁ,-0.623815138
ЌЁў,-0.632035645
ж’Ё,-0.634462383
ёжн,-0.634462383
Ёег,-0.642923961
»ѕ«,-0.642923961
»д,-0.646535215
Ќгѕ,-0.646535215
Џбн,-0.654768067
б”«д,-0.655523998
гдећ,-0.668014942
Ќ»,-0.683757679
Ќн«е,-0.686550894
г«б,-0.688910167
someuser,-0.705428904
”»Џ,-0.716924543
—«Ќ,-0.716924543
гж”н,-0.716924543
гѕнд,-0.716924543
г»ѕ«,-0.716924543
Џдн,-0.716924543
Ё—ёе,-0.716924543
Ќгн,-0.716924543
”д,-0.716924543
гЏбжге,-0.716924543
”—,-0.716924543
я«Ё,-0.716924543
 —ян«,-0.716924543
Џб«ёе,-0.716924543
ѕж—,-0.716924543
г—Ѕ,-0.716924543
яЁ,-0.716924543
дћЌ,-0.716924543
ћдѕн,-0.716924543
д«Ё–е,-0.716924543
г—я“,-0.716924543
«“ге,-0.716924543
гяжд,-0.716924543
Џѕд,-0.716924543
џ—ѕ,-0.716924543
гЌ«Ёў,-0.716924543
—‘Ё,-0.716924543
гќ«бЁ,-0.716924543
»Ў—н—я,-0.741586597
»нд,-0.756452907
ѕЏже,-0.764230258
‘я—,-0.771372327
»ќ«—н,-0.771372327
жёЁ,-0.778325088
ўбг,-0.787313871
ћгнб,-0.787313871
ѕя ж—,-0.787313871
Ќ“д,-0.787313871
г”бг,-0.788831299
ќбё,-0.79221267
Џ«ћб,-0.794927055
«дћнб,-0.804387384
‘—,-0.808072431
гж÷жЏ,-0.810033947
—«Џн,-0.812081776
Џ“н“,-0.816460216
—”«бе,-0.821261203
ћгЏ,-0.821261203
б”д,-0.823839747
Ёёе,-0.83240176
Џѕѕ,-0.83240176
дЁЏ,-0.83240176
ё’ѕ,-0.83240176
«»д,-0.835865616
’Ёе,-0.854428067
«“ѕ«ѕ,-0.854428067
”«»ё,-0.854428067
г«—ждн,-0.854428067
г”янд,-0.854428067
Џўнг,-0.859882497
ћѕнѕ,-0.868927636
«Ќ”д,-0.868927636
яжн ,-0.871252689
гг«—”,-0.886849544
’ж ,-0.886849544
»—,-0.886849544
»«еб,-0.886849544
«ћд»н,-0.886849544
Ќ—яе,-0.886849544
«Ќг—,-0.886849544
Џг—ж,-0.886849544
 —Ќнб,-0.886849544
г‘ —я,-0.886849544
«ћ—е,-0.886849544
Ќ–Ё,-0.886849544
бџе,-0.886849544
ё—«—,-0.886849544
гжЌѕ,-0.886849544
—жн,-0.886849544
”ег,-0.886849544
Џ«г,-0.901349114
«Џўг,-0.901349114
Џ»ѕ,-0.907255755
—”жб,-0.908223195
ѕ—”,-0.909569621
ќб«Ё,-0.909569621
яжд,-0.918558404
’ѕнё,-0.926377908
«г«г,-0.926377908
гўбжг,-0.939316964
Ќ«Ёў,-0.939316964
жЎдн,-0.939316964
Ў—Ё,-0.939316964
ћ”ѕ,-0.939316964
я «»,-0.947222162
яЁн,-0.95396374
ё—«,-0.957932642
‘енѕ,-0.957932642
—»,-0.96356451
”жЅ,-0.964852056
ћдж»н,-0.964852056
«нг«д,-0.9747223
г«÷н,-0.979958949
ё’е,-0.979958949
«‘«—,-0.979958949
”бЎе,-0.979958949
гжёЁ,-0.979958949
ѕ—«”е,-0.979958949
н”жЏ,-0.979958949
«Ќгѕ,-0.997032462
—Ќгд,-0.997032462
Џ«бгн,-0.997032462
‘е«ѕе,-0.997032462
Џёнѕ,-1.002326762
я—нг,-1.002326762
гж ,-1.003228728
ћЏб,-1.00643116
»’—н,-1.00643116
гЌгѕ,-1.007317064
гЌ÷—,-1.012380426
»бџ,-1.038852638
Ў«Џе,-1.038852638
г«∆н,-1.038852638
«бён,-1.038852638
гЌб,-1.038852638
« Ё«ё,-1.038852638
 б«ён,-1.038852638
ёѕн—,-1.038852638
Ћ«бЋ,-1.079494622
«ег,-1.079494622
Џбгн,-1.079494622
«’б«Ќ,-1.095436166
гднЏ,-1.095436166
«Џ ё«ѕ,-1.095436166
«бг«дн«,-1.131962042
Џ»ѕ«ббе,-1.131962042
Ћ»« ,-1.131962042
г—е,-1.131962042
«н«,-1.131962042
 Џѕѕ,-1.131962042
гѕЌ,-1.131962042
”ѕнѕ,-1.131962042
гƒгд,-1.157497134
Ё÷б,-1.16438352
«ѕЏн,-1.176356161
гЏдн,-1.176356161
Ћж—,-1.176356161
 ж—«е,-1.176356161
«“б,-1.176356161
“н«—е,-1.20235137
«Џб«гн,-1.20235137
д’Ќ,-1.20235137
жЌѕ,-1.211689235
Џд,-1.219424883
”Џ«ѕе,-1.219424883
г—ћЏ,-1.219424883
г«дЏ,-1.219424883
«бг,-1.231497716
ЏЁж,-1.231497716
«Ќѕ,-1.231497716
–« ,-1.231497716
–е»,-1.236298702
”Џѕ,-1.301887044
бнб,-1.301887044
 ё—н—,-1.301887044
г«бя,-1.301887044
г’ЎЁн,-1.301887044
«” жѕЏ,-1.301887044
ё”,-1.301887044
Ё’б,-1.301887044
«” џЁ—,-1.301887044
Џб«ге,-1.301887044
Џ÷ж,-1.301887044
ќЎ«»,-1.301887044
гё«б,-1.301887044
”г«Ѕ,-1.301887044
еѕ«не,-1.301887044
гЏ—жЁ,-1.301887044
”Џнѕ,-1.301887044
Ё«—”,-1.301887044
«ё—,-1.301887044
џ«бн,-1.301887044
”дн,-1.327512851
ѕЏ«Ѕ,-1.331634387
Ќ—н—н,-1.344955765
–бя,-1.369001239
ћг«Џе,-1.383187146
«ћгб,-1.394996448
гжёЏ,-1.417364261
”«н”,-1.417364261
я »,-1.417364261
 «»,-1.417364261
«Ќг,-1.417364261
џ«ѕ—,-1.417364261
«”г«Џнбн,-1.417364261
Џг—,-1.429642591
«Џ—«»,-1.453890137
бнбе,-1.453890137
«”бг,-1.453890137
 н«—,-1.453890137
’Ёёе,-1.453890137
Ќн,-1.453890137
«бе,-1.453890137
«—ѕд,-1.453890137
гЏбг,-1.453890137
»б«Ѕ,-1.453890137
«д”,-1.453890137
Џгн,-1.453890137
«бгѕќбн,-1.453890137
ћ«Ён,-1.453890137
г —Ё,-1.453890137
Ё«’»—ж«,-1.453890137
«“н«—,-1.471812045
«г—,-1.47435424
гд“б,-1.475916443
ћде,-1.475916443
едѕж”н,-1.494532122
г‘—я,-1.497143335
Ќ«ћ,-1.524279465
дЏнг,-1.524279465
Џ»ѕ«бЏ“н“,-1.524279465
 бён,-1.524279465
ЌѕнЋ,-1.534060486
«гнд,-1.558226797
ќг”,-1.564921449
«” «–,-1.591393661
жЁё,-1.591393661
д’н»,-1.591393661
Ќбг,-1.591393661
«г«д,-1.591393661
гЎбё,-1.591393661
—«ћЏ,-1.591393661
д«∆»,-1.591393661
гћ«б,-1.591393661
—Ќг,-1.598868781
ябге,-1.604449814
Ќж«—,-1.604449814
 «—нќн,-1.623815138
д»н,-1.625950883
’б«е,-1.629461702
г—нг,-1.642923961
ћг«б,-1.642923961
’б«Ќ,-1.655523998
’бЌ,-1.655523998
»нЏ,-1.664457123
ѕдн«,-1.673855821
«ббег,-1.68764675
Ќг«не,-1.716924543
ё—«дн,-1.716924543
Џ—‘,-1.716924543
«ёбнг,-1.716924543
«ЌЁў,-1.716924543
г‘«—яе,-1.716924543
“«∆—,-1.716924543
ѕ” ж—,-1.716924543
ёбё,-1.716924543
«ќЎ«,-1.716924543
«’»Ќ,-1.739292356
ћгнЏ,-1.757188413
«” ё«бе,-1.775818232
’«ѕё,-1.804387384
г»«—я,-1.804387384
»н«д,-1.804387384
жЁ«е,-1.804387384
«д“б,-1.83240176
ѕ—“н,-1.83240176
ёжгн,-1.83240176
«б»«дн,-1.83240176
”«∆—,-1.83240176
я—»е,-1.83240176
—ћ»,-1.83240176
ё»—,-1.858280392
дж—,-1.87446582
ќн—,-1.895261784
—»же,-1.909569621
«Џбн,-1.939316964
«б—«Ќгнд,-1.939316964
«”ядѕ—не,-1.939316964
«б—«»Ў,-1.939316964
ѕ—е,-1.939316964
«”г«Џнбне,-1.939316964
гя »,-1.964852056
«”Џѕ,-1.964852056
«ћ—,-1.964852056
’Ќе,-1.979958949
ж«ћ»,-2.002326762
дћ—«д,-2.009706292
’бн,-2.011545292
«ёдЏ,-2.038852638
 —«Ћ,-2.038852638
‘—ня,-2.038852638
«дћб,-2.038852638
«—»,-2.066074106
«»,-2.066074106
н«г,-2.070561497
”«б,-2.077671887
 Ё”н—,-2.131962042
«џ÷»,-2.131962042
»Ўжд,-2.157497134
»—ѕ,-2.176356161
’»—,-2.176356161
гќ—ћ,-2.176356161
гЌгѕ«,-2.176356161
бЏб,-2.219424883
«я—г,-2.219424883
н«бќ—жЁ,-2.219424883
 Ќгнб,-2.301887044
»«∆Џ,-2.301887044
«ћгЏ,-2.301887044
«—ё,-2.301887044
Ў«бг«,-2.301887044
‘—Ќ,-2.360780733
Џ«Ён,-2.379889556
”бг,-2.382807039
‘Ён,-2.389349885
”нѕе,-2.417364261
Ё”нЌ,-2.439390567
’б,-2.453890137
Ё—ћ,-2.471812045
÷н«Ѕ,-2.482459289
Ё”Ќе,-2.482459289
”—ж—,-2.482459289
—Ќге,-2.494532122
ябг,-2.510473665
’—Ё,-2.524279465
” —,-2.524279465
»—яе,-2.524279465
дЏге,-2.524279465
’«»—,-2.524279465
жѕн,-2.655523998
г—÷,-2.686550894
«‘Ён,-2.716924543
’ѕ—,-2.716924543
гџ—»,-2.804387384
«я—«г,-2.804387384
÷—,-2.926377908
»—д«гћ,-2.964852056
 Ё—ё,-2.964852056
ж”Џ,-3.038852638
«’бЌ,-3.038852638
’»«Ќ,-3.064847846
г”,-3.086158353
«ѕ»—,-3.109241966
ЁЎ—,-3.208777639
«–я«—,-3.301887044
’«∆г,-3.301887044
г«“Ќ,-3.301887044
г∆–де,-3.301887044
’Ё—,-3.301887044
‘«Ён,-3.301887044
ќЎ«,-3.301887044
«ЏЎд«,-3.301887044
«бб»д«днд,-3.301887044
«’»Џ,-3.417364261
ѕе—,-3.417364261
«гн,-3.417364261
«ќ—е,-3.524279465
гЎг∆д,-3.524279465
г—н÷,-3.558226797
 Ќне,-3.623815138
ЏЎ«Ѕ,-3.623815138
гн ,-3.642923961
—“ё,-3.686550894
бё«Ѕ,-3.716924543
е—н—,-3.716924543
”ёг,-3.716924543
”«∆б,-3.804387384
ћб«б,-3.804387384
÷нё,-3.886849544
ж«бѕн,-3.886849544
—«жн,-3.926377908
«г”н,-3.964852056
џЁ—,-3.979958949
ж«бѕ,-3.983711084
«”Ё—,-4.109241966
Ќд»б,-4.109241966
‘ « ,-4.301887044
 жяб,-4.301887044
ЌднЁ,-4.417364261
б»«”,-4.524279465
«ќб«’,-4.591393661
«»—«енг,-4.607695473
‘Ё«Ѕ,-4.716924543
Џ«Ёне,-4.804387384
